NameStringId,NameId,Process,Sub Process,Problem Statement,Current Manual Effor,Proposed AI Solution,Estimated Volume,Target Timeline,Data available,Your ManagerStringId,Your ManagerId,Created,Modified,Any other expectatio1,Can this be re,How do you pla,OData__ApprovalSentById,OData__ApprovalStatus,Support Required _x0,What would you_x0020
74,74,Corp Invoice Processing,Non Critical Vendors - Invoice Processing (SC),"Quality check for manually processed invoices - Analysts currently must manually download invoice copies and compare the information ingested in OFA against the original invoice, which is entirely manual work.",20% of the samples are audited which is 4k invoices per month and the total time spent is 135 hrs per month,We can provide explore auditing the invoices though AI module. 1)Downloading the copy 2)AI to compare the what is ingested in OFA vs Invoice copy 3)Share audit results which are incorrect ,with the AI -we can taerget from 20% audit to 100% audit,1 month,Yes – I already have access,143,143,2026-02-20T01:33:55Z,2026-04-17T09:53:46Z,not for now,Yes,I need end-to-end project support,23,3,,💡 Submit a New AI Idea
59,59,Critical Vendors - Invoice Processing,Critical Vendors - Invoice Processing (SC),Missing payments for Critical Vendors,1 day,AI solution to compare the active accounts in CVAM dashboard vs payables in OFA to determine missing payments. This AI solution should help team in proactively addressing the late payments.,100,1 month,Yes – I already have access,143,143,2026-02-20T01:36:31Z,2026-04-17T09:50:06Z,,Yes,I need end-to-end project support,23,2,,💡 Submit a New AI Idea
59,59,Critical Vendors - Invoice Processing,Critical Vendors - Invoice Processing (SC),Manual production tracking for Outlook (Shared Mailbox) and Invoice Research Handling (Laserfiche),1 day,Seeking AI solution to automate production and volume tracking for the manual shared mailbox handling and the invoice research activity. ,100,1 month,Yes – I already have access,143,143,2026-02-20T01:39:19Z,2026-04-17T09:53:14Z,,Yes,I need end-to-end project support,23,2,,💡 Submit a New AI Idea
98,98,FinCoM_Expense,Expense FinCoM - Inbound (SC),length 255 is not enough to add problem statement. updated in an email and attached here. ,To add FTR it takes 20-30 min per ticket,"Create 30-40 seconds of engaging videos that explain key topics related to updates in audit policies. Each video should cover specific policies and provide step-by-step guidance, such as submitting an ""Missing Hotel Itemized Receipt",500 tickets,2 weeks,Partial data available,63,63,2026-02-20T04:39:50Z,2026-04-28T11:05:21Z,"Example Blurb:   Hello XXX, kindly check out the step-by-step guide for submitting a 'Hotel Itemized Receipt' in the video link below. If the video does not provide the guidance you need, please feel free to reach out via the FinCoM ticket CTI.""",Yes,I will need technical support,23,3,NA,💡 Submit a New AI Idea
78,78,Corp AP - FinCoM -SVOT,SVOT/Handling Shipment/Service Holds and Threats (SC),legal /Debt collection letters are in local language and unable to understand - we need to depend on language specilaist to Translate the data it is time consuming. ,24 to 48 Hrs delay in payments ,We can bulid AI tool where we can in put the file received and it will provide the Out put along with Country manager who provides the information to settle the account with court / Debt collection,5 Cases ,1 month,Yes – I already have access,84,84,2026-02-20T07:30:52Z,2026-04-17T12:31:22Z,We can reduce time and avoid further delay on setttlments,Yes,I need end-to-end project support,23,2,Technical support,💡 Submit a New AI Idea
,,,,,,,,,,17,17,2026-02-20T09:29:35Z,2026-04-15T14:55:35Z,,,,23,1,,🏆 Submit a Completed AI Win
,,,,,,,,,,17,17,2026-02-20T09:36:29Z,2026-04-15T14:55:45Z,,,,23,1,,🏆 Submit a Completed AI Win
78,78,Corp AP - FinCoM -SVOT,SVOT/Handling Shipment/Service Holds and Threats (SC),Value added Tax inputs - Few vendors are incorrectly submitting the in correct VAT values while submitting the invoices through Payee central. We can create AI gate way to audit the invoices flowing into OFA and trigger a ticket to Fin COM ,3,Submitted invoices can be audited by AI solution - where we can save VAT incorrect amount,TBD,2–3 months,Not sure,84,84,2026-02-20T11:08:03Z,2026-04-17T12:15:46Z,,Yes,I need end-to-end project support,23,2,,💡 Submit a New AI Idea
86,86,Corp AP - FinCoM- Inbound,Inbound Communication with Vendors and requestors (SC),"Manually bulk edit- SIMT, reviewing and validate attached vendor emails/cases requests for PayeeCentral account access, and Owning buyer approval on SIMT. Analysts update the respective PayeeCentral account with the new user information.",approximately 660 hours annually ,"Document Analysis, Domain Verification, Approval Validation, Exception Handling, Badge Verification and Automation Workflow",220,1 month,Yes – I already have access,84,84,2026-02-20T17:08:38Z,2026-04-17T12:23:06Z,,Not sure,I need end-to-end project support,23,3,Access to data Python support Automation and  integration,💡 Submit a New AI Idea
86,86,Corp AP - FinCoM- Inbound,Inbound Communication with Vendors and requestors (SC),"Manually ODM vendor case – check status of invoice, if on hold for Quantity received then send an email to POC for to receive the quantity in the system to release the hold. Update the case after every 3 days till the hold release.",55 cases per month for NA,"Case Analysis, status of invoice, for on hold send email to POC and update the case with blurb","55 cases per monht for NA org , Need to check with respective region. ",1 month,Yes – I already have access,84,84,2026-02-20T17:23:04Z,2026-04-17T12:36:32Z,Not depend on Analysts  and customer experance ,Yes,I need end-to-end project support,23,2,Access to data Python support Automation and integration.,💡 Submit a New AI Idea
22,22,Corp AP - FinCoM- Inbound,Inbound Communication with Vendors and requestors (SC),Due to mismatch of payee and account holder name  in specific to special character (like language - 义浩捷光学(苏州)有限公司) is leading to failed payment. ,"Due to failed payment issue four team (payments , VIVA team , Other activity & FinCoM ) are working ","Implement an AI system that can automatically identify mismatches or special characters in payee names and fix them proactively. This would consolidate the work to a single team, eliminating the need for three other teams to be involved. ",We have 4 used cases for value of 37702.5 USD with 4 count of invoices. ,2–3 months,No – data source needs to be identified,84,84,2026-02-20T20:01:58Z,2026-04-15T14:56:32Z,Need more data to quantify causse and impact. ,Not sure,I need end-to-end project support,23,1,support needed ,💡 Submit a New AI Idea
47,47,Critical Vendors - Invoice Processing,Critical Vendors - Invoice Processing (SC),Creature Invoice processing automation,,Need to capture data from invoice copy and output in creature template,,,Yes – but access approval is required,17,17,2026-02-23T18:29:22Z,2026-04-15T14:56:45Z,,Yes,I need end-to-end project support,23,1,,💡 Submit a New AI Idea
24,24,Critical Vendors - Invoice Processing,Critical Vendors - Invoice Processing (SC),"POC issue, when there is an issue with the invoice on new account or the non compliant ",25 Hours,"Gather all Phone tool information as per the department and the other tools informations like ( calero, svayam, facman) for providing the POC details",1000 invoices per month ,1 month,Yes – I already have access,59,59,2026-02-24T08:11:36Z,2026-04-15T14:56:56Z,,Yes,I will need technical support,23,1,,💡 Submit a New AI Idea
69,69,Critical Vendors - Invoice Processing,Critical Vendors - Invoice Processing (SC),"Once the invoice is processed in creature/OFA, user has to raise SIM manually by copying all the details from the invoices and fill in the quick link of new site creation.  ",30-40 hours per month,Site creation should be done automatically once invoice is processed in OFA by cloning the details through factbi report.,400,1 month,Yes – I already have access,59,59,2026-02-24T08:32:48Z,2026-04-15T14:57:08Z,,Yes,I will need technical support,23,1,,💡 Submit a New AI Idea
69,69,Critical Vendors - Invoice Processing,"Outbound - Defect, Dunning, Adoption, failed payments and SMB (SC)","As a FinOps Specialist in EMEA handling accounts payable operations, I frequently create and route SIM tickets for vendor-related issues. The current manual CTI selection process is time-consuming and prone to routing errors, impacting resolution times.",25 hrs per month,Implement an AI-powered automation that enables single-click CTI selection and routing through:      Natural Language Processing (NLP) to analyze ticket title and description     Automatic CTI suggestion/application based on content analysis,150 SIM's in a day,1 month,Yes – I already have access,59,59,2026-02-24T08:40:09Z,2026-04-15T14:57:17Z,,Yes,I will need technical support,23,1,,💡 Submit a New AI Idea
24,24,Critical Vendors - Invoice Processing,Critical Vendors - Invoice Processing (SC),"critical services and always pose a risk of disconnection. there are country level or the vendor level exceptions available to process them on time, so the team has to save those exceptions or remember which require manual effort",30 hours,gather all the exception list in a data base where team can use the chat bot for the same,300,,Yes – but access approval is required,59,59,2026-02-24T08:43:54Z,2026-04-15T14:57:28Z,,Yes,I will need technical support,23,1,,💡 Submit a New AI Idea
25,25,Critical Vendors - Invoice Processing,Critical Vendors - Invoice Processing (SC),we need to pull FACTBI report on daily basic some time tool will not run properly,30 hrs,Automated FACTBI Report for 6 month send to email,25000,2 weeks,Yes – I already have access,59,59,2026-02-24T09:35:45Z,2026-04-15T14:57:43Z,,Yes,I will need technical support,23,1,,💡 Submit a New AI Idea
51,51,Corp Cards,Corp Card Process - All Activities (SC),"Currently we are manually extracting ticket dump from SIM-T tool and allocating to team. While we allocate cases, we are sharing multiple pivots like Severity, Aging, Untouched and allocation pivot tables which require manual intervention.",36,For ticket allocation: Create a Python code which can read ticket category/description and match with team member skill/access. For creating Pivots: Use excel AI (Python or VBA) to create automatic pivot tables and generate summary dashboard.,1800-2000 tickets per month,1 month,Yes – I already have access,23,23,2026-02-26T17:34:22Z,2026-04-14T09:33:05Z,,Yes,I will need technical support,9,1,Automation of creating pivot tables and allocation of SIM-T as per person skill set/access,💡 Submit a New AI Idea
51,51,Corp Cards,Corp Card Process - All Activities (SC),"If requester is not responsive on SIM-T, we have to manually follow up with requester over SIM-T by using standard blurbs. ",,Create a AI tool (Python code) which should be integrate with SIM-T tool and automatically respond over SIM-T with standard blurbs based on SIM-T status.,On an average 500-800 tickets per month which require follow ups,1 month,Yes – I already have access,23,23,2026-02-26T17:42:42Z,2026-04-15T14:57:59Z,,Yes,I will need technical support,23,1,,💡 Submit a New AI Idea
89,89,TTT,Expense reports Audits (SC),"IN Corp AP vendor invoices submitted via LF and PC are manually reviewed by the TTT , validated against contracts, receipts, and work orders per Amazon's Anti-Bribery Corruption and India Legal compliance requirements before ingestion into Oracle.",1500 P.A,•	Processing Time Reduction: Decrease per-invoice review time from 12 to 15 minutes to 5-7 minutes through au-tomated validation workflows,18000 Invoices PA,2–3 months,Yes – but access approval is required,79,79,2026-02-27T06:56:00Z,2026-04-15T09:13:53Z,No Sure/ Will explore,Not sure,I will need technical support,23,2,YES,💡 Submit a New AI Idea
68,68,Critical Vendors - Invoice Processing,Critical Vendors - Invoice Processing (SC),NA Credits recovery process,,Created a python code with help of AI tool and the output is as expected,,,Yes – I already have access,17,17,2026-03-02T09:40:39Z,2026-04-15T14:58:12Z,,Not sure,I need business sign-off before implementation,23,1,,💡 Submit a New AI Idea
68,68,Critical Vendors - Invoice Processing,Critical Vendors - Invoice Processing (SC),Need to identify Final bills from the invoice copy,,System should read the bill copies and show results along with barcode numbers which have Final bills,,,Yes – but access approval is required,17,17,2026-03-02T09:42:42Z,2026-04-15T14:58:31Z,,Not sure,I need business sign-off before implementation,23,1,I need to save invoice images in a document however as it is sensitive data need required approvals,💡 Submit a New AI Idea
43,43,,,,,,,,,84,84,2026-03-02T11:26:26Z,2026-04-17T12:52:51Z,,,,23,3,,🔁 Request to Replicate an Existing AI Win
,,,,,,,,,,17,17,2026-03-12T14:15:33Z,2026-04-01T13:34:59Z,,,,9,1,,🏆 Submit a Completed AI Win
98,98,Expense,Expense FinCoM - Inbound (SC),"Expense FinCoM analysts spend significant time addressing repetitive employee queries on expense policies, submission guidelines, and reimbursement criteria, reducing bandwidth for complex escalations and creating delays in policy guidance access.",21 min each ticket," Integrate an AI-powered Expense FinCoM chat agent into Slack to provide instant, automated responses on expense types, Amazon policies, exceptions, and mobile phone reimbursement guidelines, with seamless River ticket creation for unresolved queries.",3000,,Yes – I already have access,63,63,2026-04-01T05:34:39Z,2026-04-28T11:03:32Z,,Yes,I will need technical support,23,3,,💡 Submit a New AI Idea
98,98,Expense,Expense FinCoM - Inbound (SC),"Analysts face delayed employee responses to SIM-T due to missed email notifications and less accessible interfaces, creating processing bottlenecks and extending resolution timelines.",NA," Develop a Slack-integrated application that bidirectionally syncs with SIM-T, automatically posting analyst correspondence to employee Slack channels and capturing responses back into SIM-T, reducing response times and accelerating ticket resolution.",,,Yes – I already have access,63,63,2026-04-01T05:45:49Z,2026-04-28T11:07:15Z,,Yes,I will need technical support,9,3,,💡 Submit a New AI Idea
455,455,Invoice on Hold,Invoice on Hold (SC),RCA analysts must reference multiple tools—the Settlement tracker and SIM to search for ongoing and past settlement details and it is a time-consuming process.,,AI should automatically identify Past settlements for the same vendor and Settlement period and share the settlement details.,,2–3 months,Yes – I already have access,186,186,2026-04-01T14:09:50Z,2026-04-15T14:59:13Z,,Yes,I will need technical support,23,1,,💡 Submit a New AI Idea
455,455,FinOps Projects,AP Retail POR,"During manual RCA on On-hold invoices, POR team analysts must reference multiple SIM numbers to investigate Catalog or Labelling issues—a time-consuming manual process.",,"AI should provide the catalog issue- Multiple barcode related information, which helps RCA analyst to identify catalog/Labelling issues.  ",,2–3 months,Yes – I already have access,186,186,2026-04-01T14:18:01Z,2026-04-15T15:14:53Z,,Yes,I will need technical support,23,3,,💡 Submit a New AI Idea
32,32,Accts Payable NonInventory-VAR,Corp AP IP SIM Ticketing,"Multiple teams work through SIM tickets daily, often requesting additional information from the business and placing SIMs in pending status. If the business fails to respond, teams add follow-up correspondence to the SIM requesting an update ",1000,We would like to collaborated with the RPA team to implement an automated commenting process for SIMs that are in pending status without any manual intervention. ,14000,2–3 months,Yes – I already have access,79,79,2026-04-02T17:02:09Z,2026-04-17T15:26:43Z,,Yes,I have started working on it - need technical support,9,3,,💡 Submit a New AI Idea
98,98,FinOps Projects,Expense FinCoM Team,"EFT analysts manually open each SIM-T ticket, download all attachments, parse the Excel expense form, match each receipt to its corresponding line item, validate fields, check policies, and produce a verification output - entirely without automation.",176 hours,"Automated SIM-T ticket selection, receipt download, Manual Excel form validation, receipt-to-line-item matching, policy compliance check via LLM, duplicate detection, and structured output Excel report attached back to the ticket",200,,Yes – I already have access,63,63,2026-04-06T10:40:25Z,2026-04-28T11:09:25Z,,Yes,I have started working on it - in progress,9,3,,💡 Submit a New AI Idea
48,48,Accts Payable NonInventory-VAR,Corporate cards - Expense FinCoM Team,Process Standardization of payment workflow failures/stuck items and mitigation,we currently wait until a SIM ticket is raised by the employee and then take an average of 11 days and 7 human correspondences to solve the payment stuck item. ,"Coordinating with GDA/FinAuto to create an accurate dashboard with RCA on stuck items etc., then working with the tech team to create AI to troubleshoot and resolve the issue or create a ticket for the appropriate POC to resolve the issue.",4000+ tickets per year,,Partial data available,63,63,2026-04-06T17:16:18Z,2026-04-28T11:00:17Z,Comprehensive dashboard featuring RCA capabilities and AI-powered diagnosis mechanism that identifies issues and generates automated tickets for unresolved cases.,Not sure,I have started working on it - need technical support,23,3,Create AI to troubleshoot and resolve the issue or create a ticket for the appropriate POC to resolve the issue.,💡 Submit a New AI Idea
31,31,Accts Payable NonInventory-VAR,Corp AP FinCoM,Analysts spend approximately 7 minutes per invoice for validating the tax amount on the invoices,280,"Using Claude AI and LLM models, we can create an AI interface to validate the invoices and give the output by drafting emails to the eligible vendors",,1 month,Yes – I already have access,84,84,2026-04-07T15:05:18Z,2026-04-17T16:55:42Z,,Not sure,I have started working on it - in progress,23,3,,💡 Submit a New AI Idea
,,,,,,,,,,56,56,2026-04-08T07:21:40Z,2026-04-15T09:09:56Z,,,,23,3,,🏆 Submit a Completed AI Win
,,,,,,,,,,17,17,2026-04-08T14:48:28Z,2026-04-15T15:06:58Z,,,,23,1,,🏆 Submit a Completed AI Win
490,490,Accts Payable Retail- VAR,FinCoM,"Between July-December 2025, 10,021 SIMs were created. Sampling shows ~20% are defective due to delayed follow-ups and SLA breaches, requiring users to spend extra time seeking updates.",approx 2-3 minutes ,AI agent should send auto reminder to Internal stake holders,20000 SIMs annually created by HYD FincoM ,1 month,Yes – I already have access,491,491,2026-04-09T14:39:09Z,2026-04-15T15:07:16Z,AI agent should send auto reminder based on set rules,Yes,I need to start working on it,23,1,"yes, Need to explore tech AI team so that it can be done in shorter time",💡 Submit a New AI Idea
,,,,,,,,,,491,491,2026-04-09T14:46:18Z,2026-04-15T15:07:48Z,,,,23,1,,🔁 Request to Replicate an Existing AI Win
492,492,Accts Payable - VAR,Retail FinCoM,Current auditing of Paragon cases is manual in terms of identifying the delay. Currently ~8% is the coverage which can be enhanced and be 100%.,,"I have prepared a SQL query that will help auditors identify delay defects, This will help auditor to have the audits in place without getting into the case and can be done for bulk cases at one go in few minutes.",,2 weeks,Yes – I already have access,491,491,2026-04-09T15:01:04Z,2026-04-15T15:08:01Z,"Currently, there are 11 audit parameters, my query focuses only 2 parameter, we have potential of remaining parameters",Yes,I have started working on it - Need business sign off support,23,1,"Currently this is Datanet automation based, looking for AI intervention for defect identification and covers all the cases that are open, however, this has 24 hours lag which can be reduced by AI intervention",💡 Submit a New AI Idea
51,51,Accts Payable NonInventory-VAR,Corporate cards,Employees struggle to find the right WIKI page for expense submission or corporate card questions because multiple topics are scattered across WIKI.,,Build a chatbot tool that allows employees to ask expense submission questions and automatically directs them to the relevant WIKI information for self-service support.,,,No – data source needs to be identified,23,23,2026-04-09T15:24:56Z,2026-04-15T15:08:31Z,,Yes,I need to start working on it,23,1,,💡 Submit a New AI Idea
379,379,Accts Payable Retail- VAR,Shipments hold & threats,"Shipment holds, threats, and escalations creates duplicate effort. we create a SIM ticket with vendor details (name, payee/vendor code), notification date, and escalation reason. Team then separately notifies the alias and maintains a shipment hold log",500 hours Annualy,"Once the SIM is created with all the details, system should auto create the log and draft the email which will avoid the duplicate effort.",1800 hold/threat/escalation in a year,Exploratory,Yes – I already have access,417,417,2026-04-10T12:07:08Z,2026-04-15T15:09:26Z,"Yes, team support is required to automate the idea",Yes,I need to start working on it,23,1,Yes,💡 Submit a New AI Idea
515,515,Accts Payable - VAR,AP SOP Process,"All the above mention step I need to do it manually,

1. Validate for duplicate SOPs and provide the list of available SOPs
2. Follow up on SOP status updates
3. Review the SOP draft
4. Upload the Word draft SOP into Policy 2.0
5. Identify SOPs requiring CSI review",60,"1. Provide a list of available SOPs based on activity names as they appear in Policy 2.0
2. Implement an automated reminder system in the SIM that sends three automatic reminder correspondences if there is no update for two days by the SME. if there is still no response after the third reminder, escalate with two reminders to the manager, then automatically close the SIM
3. Review the SOP draft to identify and correct grammar errors and verify that all PII (Personally Identifiable Information) are masked. Document these findings in the SIM correspondence
4. Provide an option to upload the Word draft directly into Policy 2.0, with automatic population of content into the respective sections
5. Automatically identify any information in the SOP that requires CSI team approval and document this requirement in the SIM correspondence",Avg 16 SIM per month (3 New SOP's and 11 Revised),2–3 months,Yes – I already have access,427,427,2026-04-13T14:18:26Z,2026-04-14T12:55:14Z,,Not sure,I need to start working on it,9,3,for the Policy 2.0 team,💡 Submit a New AI Idea
514,514,Accts Payable - VAR,APQC-Vendor Maintenance-Audit Automation,"We currently validate 50 parameters compared to VM & BUG standards. All validations are performed manually across an average of 1,200 sites per month",200 hrs/ month,"Implement an automated validation system to streamline site setup and bank update audits, eliminating manual intervention",1200,2–3 months,Yes – I already have access,427,427,2026-04-13T14:33:23Z,2026-04-15T15:26:51Z,No,No,I need to start working on it,23,3,"Payee mangement, Lumos Token Teller, PAM Dashboard",💡 Submit a New AI Idea
474,474,Accts Payable - VAR,"Payment and Vendor maintainance Testing , Operations and Failed payments","With the nature of the AP payment process cycle , Team has interdependent queries and information requirements within Testing and Operations teams of payment and Vendor maintenance operations teams. There are multiple instances of to and fro communications between the teams.
In addition , there was dependency within teams whenever there are new folks joining the connect with the tenured SMEs .",,"Payment Hub: The Payment Hub will serve as a unified platform for managing all payment types, methods, and workflows while ensuring compliance, security, and operational efficiency.
Create a Payment hub that comprises of the below –
1.	Country level requirements for Vendor on boarding and Payment creation
2.	Contact Metrics
3.	 Reporting
Operational efficiency at the process level: 
1.	Integrate the process level SOPs of each team Payment Operations, Payments and VM Testing, VM Operations, VIVAA and Document management
2.	Identify the day to day activities that can be automated utilizing the Quicksuite Flow or Chat agent 

",,2–3 months,Yes – I already have access,408,408,2026-04-13T14:34:31Z,2026-04-15T15:09:59Z,,Yes,I have started working on it - in progress,23,1,,💡 Submit a New AI Idea
462,462,Accts Payable - VAR,VIVAA - UNSCHEDULED INVOICES,"The AP VIVAA Unscheduled Invoices Process is facing serious challenges because invoice volume jumped by 200% due to system migrations from OFA to Teller and Global AR projects. The team now handles 10,014 vendors and 150,000 invoices, spending 15 hours everyday processing 40 vendor cases, with 231 hours per year spent on repetitive manual tasks. The current process has four major problems that are impacting on the team's ability to deliver accurate and timely results to business stakeholders – a) data quality and accuracy issues compromising decision-making, b) communication challenges due to incorrect data and files, c) late payments caused by delays in reporting from incorrect invoice categorization, and d) system crashes with work loss when processing files larger than 50MB and datasets with 150,000 records. ",3654,"Currently partnering with GDA team to implement the following:

Geographies: Global (NA, EMEA, LATAM, APAC)
a) Automated extraction from restricted text files and conversion to structured format.
b) Automated cleaning, duplicate removal, and scope removal processes. 
c) Automated categorization across Category by Business, Sub-Category, and Invoice Classification dimensions. 
d) Automated parameter matching in Themes column with template dump data. Automated invoice attribute comparison with Quick Sight data sources. 
e) Automated formula refresh and synchronize mechanisms. 
f) Automated communication and distribution workflows with version control. Integration with CV supplier list, FX Rate Sheet, Template Dump, and Quick Sight dashboard data sources",150000,2–3 months,Yes – I already have access,358,358,2026-04-13T14:47:39Z,2026-04-15T08:47:38Z,,No,I have started working on it - in progress,9,3,Would like tech team guidance/opinion to understand the right AI tools that can be utilized in this project.,💡 Submit a New AI Idea
20,20,Accts Payable NonInventory-VAR,Critical Vendor,"It is difficult to track all the volumes of the activities critical vendor has, hence we create reports to understand our inflows and backlogs on all our activities for that we have created an dashboard with the help of SSA however the input to this dashboard is still a tiresome manual process.",-,"I want to automate this with the help of AI, where all the data sources automatically downloads and uploads the data through an agent on the input source where it can eliminate the manual efforts and also enhance the current dashboard to other activities we have not added to it.",-,,Not sure,17,17,2026-04-13T15:43:37Z,2026-04-15T15:10:22Z,,Yes,I need to start working on it,23,1,"Yes, i will need the help to run this agent where multiple tools are involved",💡 Submit a New AI Idea
,,,,,,,,,,113,113,2026-04-13T16:19:21Z,2026-04-15T15:10:33Z,,,,23,1,,🏆 Submit a Completed AI Win
171,171,Accts Payable Retail- VAR,APQC ,"Each case audit today takes 40–45 minutes. Auditors manually check 11 parameters across Work centre, referencing multiple tools for SOP, timestamps, annotations, and resolution correctness. As case volumes grow, audit coverage shrinks. Defects are caught days after resolution — too late for real-time correction",45 mins for Fincom General; 55 mins for Shipment hold,"1 Use Amazon Quick Suite and Amazon Q Business to automate the first-pass audit. AI checks rule-based parameters automatically and flags likely defects. Human auditor reviews flagged cases only and handles complex judgment calls. Audit time per case drops significantly. Coverage increases without adding headcount. 2. If integration is not in the cards - We want to save the cases as a PDF and upload in Amazon Q , through established work-flow, agent can audit the case ( partially ) and prefil the audit sheet for auditor review",~ 700 cases per month,2 weeks,Yes – I already have access,427,427,2026-04-13T16:38:54Z,2026-04-15T15:27:31Z,Support on implemenation,Yes,I need to start working on it,23,3,,💡 Submit a New AI Idea
516,516,Accts Payable - VAR,"""APQC""-""Retail IP India ""-Audit Automation",Retail IP is daily manual audits performed by APQC auditors. ,Approx. 50 Hrs ,"Retail IP is completely manual audits. Suggesting solution is to automate the process in terms of sampling, allocation and audits.",Approx. 6700 Invoices per month,,Yes – I already have access,427,427,2026-04-13T17:19:46Z,2026-04-15T15:28:31Z,,Not sure,I need to start working on it,23,3,,💡 Submit a New AI Idea
513,513,Accts Payable - VAR,APQC-Critical Vendor Invoice Processing-Audit Automation,"Current audit review process is of complete manual process where team verify the details by refering multiple applications like ( Creature, OFA, LF, DICES , CVAM). In this manual process team manually verify 20+ paramaters for each transaction and verify with invoice copy vs OFA. Post veriy the paramaters team will record the status of the transactions in audit form (ZEUS). If any defect was observed we track in Quip or shared reporisotry for Ops review and corrections. The complete activity of each review and reporting is manual process which take a approx of 5-6min per review. ",Approx 500 hrs PM ,"Currently exploring for Automation on set of invoice level attributes, however we are looking for internal teams who support on creating the process automation with help of internal AI tools. ",Average 6500,Exploratory,Yes – I already have access,427,427,2026-04-13T17:56:08Z,2026-04-15T15:29:34Z,,No,I need to start working on it,23,3,looking for BI team support for customize inflow reports.,💡 Submit a New AI Idea
525,525,Accts Payable - VAR,"""APQC""-""Utility Accounts backfilling Reconcilation""-Audit Automation","The current quality control validation process for utility account back-filling relies entirely on manual parameter checks, resulting in significant time investment and operational inefficiency",19 hrs/month,"Implement an AI-powered automation system to eliminate manual validation steps in the CVAM utility site backfilling process. The solution will leverage artificial intelligence and machine learning technologies to:
Automated Data Processing:

Extract account information from T-SIM tickets and source documents using natural language processing
Parse and validate utility site data against CVAM QC parameters automatically
Cross-reference new accounts with existing database records to prevent duplicates",320 per month,2–3 months,Yes – but access approval is required,427,427,2026-04-14T05:07:34Z,2026-04-15T15:31:30Z,,Not sure,I have started working on it - in progress,23,3,,💡 Submit a New AI Idea
526,526,Accts Payable - VAR,"""APQC""-""Freight & Miscellaneous""-Audit Automation",Need to eliminate the manual steps of the audit,,With the help of automation tools I want to simplify the current manual process,,2 weeks,Yes – I already have access,427,427,2026-04-14T06:59:12Z,2026-04-15T15:32:16Z,,Not sure,I need to start working on it,23,3,,💡 Submit a New AI Idea
526,526,Accts Payable - VAR,"""APQC""-""Early Payments""-Audit Automation",Need to eliminate the manual steps of the audit,,With the help of automation tools I want to simplify the current manual process,,2 weeks,Yes – I already have access,427,427,2026-04-14T07:04:45Z,2026-04-15T15:30:34Z,,Not sure,I need to start working on it,23,3,,💡 Submit a New AI Idea
526,526,Accts Payable - VAR,"""APQC""-""Corp AP (NA) P Card (Manual & Auto) Payment""-Audit Automation",Need to eliminate the manual steps of the audit,,With the help of automation tools I want to simplify the current manual process,,2 weeks,Yes – I already have access,427,427,2026-04-14T07:11:21Z,2026-04-15T15:34:33Z,,Not sure,I need to start working on it,23,3,,💡 Submit a New AI Idea
526,526,Accts Payable - VAR,"""APQC""-""Freight PO""-Audit Automation",Need to eliminate the manual steps of the audit,,With the help of automation tools I want to simplify the current manual process,,2 weeks,Yes – I already have access,427,427,2026-04-14T07:14:36Z,2026-04-15T15:33:15Z,,Not sure,I need to start working on it,23,3,,💡 Submit a New AI Idea
526,526,Accts Payable - VAR,"""APQC""-""SUA Corp Card Payment""-Audit Automation",Need to eliminate the manual steps of the audit,,With the help of automation tools I want to simplify the current manual process,,2 weeks,Yes – I already have access,427,427,2026-04-14T07:17:15Z,2026-04-15T15:32:53Z,,Not sure,I need to start working on it,23,3,,💡 Submit a New AI Idea
526,526,Accts Payable - VAR,"""APQC""-""Corp IOH""-Audit Automation",I want to simplify and eliminate the manual steps in the current process,,With the help of AI tools I need to create automated solution for the current process,,2 weeks,Yes – I already have access,427,427,2026-04-14T07:24:59Z,2026-04-16T10:22:21Z,,Not sure,I need to start working on it,23,3,,💡 Submit a New AI Idea
520,520,Accts Payable - VAR,"APQC""-""Employee Expense""-Audit Automation","The Accounts Payable Quality Control (APQC) team currently faces significant operational inefficiencies due to manual processes across the expense validation workflow. Daily data extraction from the AppZen tool, policy verification validation, cross-platform receipt validation between Concur and AppZen based on QC parameters, and monthly metrics preparation are all performed manually. ",`230 hrs,"Implement automated API integration between AppZen and Concur to eliminate manual daily data extraction and enable real-time cross-platform receipt validation based on QC parameters. Deploy a rule-based policy verification engine that automatically flags violations and ensures consistent policy application. Build automated dashboards with scheduled reporting to replace manual monthly metrics preparation, enabling the team to focus on exception handling and continuous improvement.
",2520 per month,2–3 months,Yes – I already have access,427,427,2026-04-14T07:43:29Z,2026-04-16T10:21:43Z,,Not sure,I need to start working on it,23,3,v,💡 Submit a New AI Idea
526,526,Accts Payable - VAR,Corp IOH,IOH team supports to requester for the hold resolutions,,I want to eliminate the manual steps in the current process.,,Exploratory,Yes – but access approval is required,427,427,2026-04-14T07:56:07Z,2026-04-15T15:33:49Z,,Not sure,I need to start working on it,23,3,,💡 Submit a New AI Idea
531,531,Accts Payable - VAR,Key Account Management(KAM) - ARIPL IN,"Reconciling weekly KAM statements is currently a manual process that requires logging into multiple tools including FinOps Central, Dices, Oracle & Hubble queries. This multi-system approach is extremely time-consuming. We are seeking to automate the complete statement reconciliation process through AI automation to eliminate manual effort, reduce processing time, and improve accuracy. The automation would streamline data extraction from all three systems, perform reconciliation logic automatically, and generate reconciled statements ready for vendor sharing on a weekly basis or when ever required.",,"We are seeking to automate the complete statement reconciliation process through AI automation to eliminate manual effort, reduce processing time, and improve accuracy. The automation would streamline data extraction from all three systems, perform reconciliation logic automatically, and generate reconciled statements ready for vendor sharing on a weekly basis or when ever required.",,2 weeks,Not sure,535,535,2026-04-14T13:38:33Z,2026-04-15T15:13:16Z,No,Not sure,I need to start working on it,23,1,Yes,💡 Submit a New AI Idea
,,,,,,,,,,79,79,2026-04-15T07:07:47Z,2026-04-15T09:07:08Z,,,,23,3,,🔁 Request to Replicate an Existing AI Win
551,551,Accts Payable NonInventory-VAR,APQC,"The current process of tracking and following up with managers, trainers, and L6 managers for required information involves significant manual effort. Our objective is to implement automation to streamline these follow-ups.",200 hrs,"An automated follow-up system can be configured to manage these recurring touchpoints with managers, trainers, and L6 managers.",550 sims per year,2 weeks,Yes – I already have access,427,427,2026-04-15T12:10:15Z,2026-04-16T10:24:16Z,saving of 300 plus hrs,No,I need to start working on it,23,2,,💡 Submit a New AI Idea
87,87,Accts Payable NonInventory-VAR,Expense FinCoM,"Current Challenges

The quality assessment process requires auditors to manually verify:
1. First Time Right (FTR) Response: Analysts must address employee queries correctly on the first attempt, incorporating six essential communication elements—paraphrasing, acknowledgement, empathy/apology statements, appreciation, assurance, and action. Manual verification of these components across 150 tickets is labor-intensive and prone to inconsistency.

2. SLA Adherence: Monitoring compliance with 24-hour response times for assigned tickets and 48-hour timelines for pending tickets requires meticulous tracking and documentation.

3. Ticket Closure Quality: Ensuring proper resolution with clear explanations and Chime connect verification demands thorough manual review of each interaction.

4. Blurb Usage Compliance: Validating appropriate use of approved response templates across all tickets adds another layer of manual verification.

5. Transfer Accuracy: Confirming correct ticket routing to appropriate CTI teams (LATAM/PEK/MNL) requires knowledge of proper escalation protocols and manual validation.
",38 hours per month,"To address the inefficiencies of manual Internal Quality Checks, we propose developing an AI-powered agent that automates the auditing process for SIM tickets. This intelligent system will function as a virtual auditor, systematically evaluating approximately 150 ticket samples monthly against established quality parameters and delivering instant defect classifications.

The AI agent will autonomously perform comprehensive quality assessments by:

Automated FTR Analysis: The agent will analyze ticket responses using natural language processing to detect the presence and quality of all six communication elements—paraphrasing, acknowledgement, empathy statements, apology, appreciation, assurance, and action. It will flag tickets missing any component or demonstrating poor execution.

SLA Compliance Monitoring: The system will automatically track response timestamps, calculate elapsed time, and identify SLA violations for both assigned tickets (24-hour threshold) and pending tickets (48-hour threshold), eliminating manual time calculations.

Resolution Quality Assessment: The agent will evaluate ticket closure quality by verifying clear resolution statements and confirming Chime connect completion, ensuring employees receive proper support.

Blurb Validation: Using pattern matching and approved template databases, the AI will verify correct usage of standardized response blurbs and identify unauthorized or improper variations.

Transfer Accuracy Verification: The system will validate ticket routing decisions by comparing transfer destinations against established CTI assignment rules for LATAM, CN, and MNL teams.

For each reviewed ticket, the agent will generate a binary classification (defect/no defect) with detailed justification, enabling rapid feedback to analysts while freeing auditors to focus on strategic quality improvements and complex cases requiring human judgment.",150 tickets per month,1 month,Yes – I already have access,63,63,2026-04-16T10:16:58Z,2026-04-28T10:53:11Z,,Yes,I have started working on it - in progress,23,3,,💡 Submit a New AI Idea
,,,,,,,,,,16,16,2026-04-16T11:23:06Z,2026-04-21T13:20:10Z,,,,23,3,,🏆 Submit a Completed AI Win
51,51,Accts Payable NonInventory-VAR,Corporate cards,"Due to a current technical issue in the Amazon learn tool, employees are unable to complete their training for second card applications after first card application training completion. If employee would like to complete training for second card application, it will be show as training has been already completed. As a temporary workaround, we must follow a manual application process that requires L6 manager approval and Terms & Conditions document should be signed/acknowledgment for second card application in SIM.",,"Deploy a dedicated AI agent that assists employees with second card application training upon request and resolves completion blockers. create a Card Training Navigator Agent - A conversational AI assistant integrated into Amazon Learn that operates on-demand.

On-Request Activation: The agent should activate only when an employee explicitly requests help with second card training enrollment after completing first card training
",,1 month,No – data source needs to be identified,23,23,2026-04-16T11:53:20Z,2026-04-20T12:40:38Z,,No,I need to start working on it,23,1,,💡 Submit a New AI Idea
86,86,Accts Payable NonInventory-VAR,Corp AP NA SVOT,"The team currently relies on a manual process to validate vendor emails, PayeeCentral cases, and internal SIMT records before adding Payee email IDs to Payee accounts and PayeeCentral accounts. This manual validation process is time-consuming and inefficient.",12 H/M,"Creating a Bulk Edit chat agent to streamline the bulk edit process, resolve hurdles for team members, and enable review and validation for next actions using Quick Suite. ",50 per monht,2 weeks,Yes – I already have access,84,84,2026-04-16T12:35:14Z,2026-04-22T12:51:42Z,,Yes,I have started working on it - in progress,23,3,Required tech suport to make is fully autoamted with out manual efferts.,💡 Submit a New AI Idea
,,,,,,,,,,23,23,2026-04-16T21:32:48Z,2026-04-20T12:40:13Z,,,,23,1,,🔁 Request to Replicate an Existing AI Win
98,98,Accts Payable NonInventory-VAR,Expense FinCoM Team,"This manual approach is time-intensive, inconsistent, and not scalable — consuming significant SME bandwidth that could otherwise be directed toward proactive resolution and process improvement. The lack of automation also introduces subjectivity in delay attribution and root cause identification, reducing the reliability of insights used for operational decisions.",10,"Build an ML-powered Aged Ticket Analysis Tool that automates the end-to-end process of reading, analyzing, and attributing delays across resolved tickets — eliminating manual SME effort and delivering consistent, data-driven insights.",100,,Yes – but access approval is required,63,63,2026-04-17T05:19:02Z,2026-04-28T10:54:18Z,,Yes,I need to start working on it,23,3,NA,💡 Submit a New AI Idea
505,505,Accts Payable - VAR,CSRP Payments Team,"The current manual TT allocation process presents a significant operational challenge for the CSRP team. Each day, analysts must manually identify available team members, consolidate carry-forward and newly raised SIMs, categorize tickets by region and type, and distribute them across the team — all without any automated support. This repetitive, time-intensive process is highly susceptible to human error, risks unequal workload distribution, and creates a daily dependency on manual effort that diverts analyst bandwidth from core FinOps responsibilities. ",,"The proposed solution leverages Amazon Quick Suite to automate the daily TT allocation process for the CSRP team. A Quick Flow will ingest carry-forward and newly raised SIMs, automatically categorize them by region, type, and priority, and apply pre-defined allocation rules. A Quick Suite Dashboard will provide real-time visibility into workload distribution, replacing manual reporting and communication entirely — enabling analysts to focus on core responsibilities.",~1000 each month,2–3 months,Yes – but access approval is required,168,168,2026-04-17T15:08:33Z,2026-04-20T16:55:34Z,,Yes,I have started working on it - in progress,23,3,To build end-to-end process in AI,💡 Submit a New AI Idea
504,504,Accts Payable - VAR,CSRP payments team,"Problem StatementProject Name: CSRP Manual Payment Batch Processing AutomationCurrent State:The CSRP (Central Shared Regional Payments) team currently processes manual and tax payment batches through a highly manual, time-intensive, and error-prone workflow. The end-to-end process involves the following steps performed entirely by hand:Exporting data from the Dollar Glass tool as a CSV fileFiltering and identifying CSRP-relevant batches using VLOOKUP against an Org List, applying multiple filter criteria (Batch Status = N/A, Oracle Status = Confirmed, excluding CHECK/CLEARING payment methods)Logging into Oracle Payments Manager to retrieve Payment Instruction Reference Numbers for each identified batchGenerating Payment Instruction Register (PIR) reports from the Oracle Java application for every batch individuallyManually creating approval tickets in the ticketing system for each batch or group of batches, filling in titles, descriptions, batch names, reference numbers, and payment counts by handNo automated email notifications — team members must manually check the ticketing system for new tickets, leading to delays in awareness and processingKey Problems:Time-consuming: The entire process takes approximately 30–45 minutes per check window, repeated 3 times daily (11:00–12:30, 1:30–2:30, 3:30–4:30 IST), consuming significant productive hoursError-prone: Manual data entry across multiple systems (Dollar Glass, Oracle, ticketing system) increases the risk of incorrect reference numbers, misclassified batches, missed FX payments, and duplicate ticketsNo visibility or notifications: The team has no automated alerts when new batches are ready for processing, causing delays in same-day (SD) payment approvals which are time-criticalNo standardized classification: FX vs. Non-FX payments, same-day vs. future-date batches, and bank-specific groupings are determined manually, leading to inconsistent ticket titles and descriptionsNo audit trail or reporting: There is no consolidated daily report of all processed batches, making it difficult to track what was processed, by whom, and whenScalability issues: As the number of CSRP organizations and payment volumes grow across EMEA and MENA regions, the manual process cannot scale without adding headcountDesired State:An automated workflow that:Automatically identifies CSRP manual and tax payment batches from the Dollar Glass exportClassifies payments by type (Manual/Tax), currency (FX/Non-FX), value date (Same-Day/Future), and bankExtracts payment details from PIR PDFs into a standardized Excel formatCreates approval tickets automatically with correct titles, descriptions, and CTI routingSends consolidated email notifications to the team with batch details, ticket links, and attached Excel reportsApplies deduplication logic across multiple daily check windows to prevent duplicate processingReduces processing time from 30–45 minutes to under 5 minutes per check windowImpact:Efficiency: ~75–80% reduction in manual effort per dayAccuracy: Elimination of manual data entry errors in ticket creation and batch classificationSpeed: Faster processing of same-day payments, reducing risk of missed deadlinesVisibility: Real-time email notifications and consolidated daily reports for the entire teamScalability: Ability to handle growing payment volumes without additional headcount",,"
## Proposed AI Solution

**Solution Name:** CSRP Payment Batch Processing Automation — End-to-End Flow with Dollar Glass & OFA Integration

**Solution Overview:**

A fully automated, flow-based AI solution built on Amazon Quick Suite that eliminates manual intervention in the CSRP payment batch processing workflow. The solution integrates directly with Dollar Glass (for batch identification) and Oracle Fusion Applications/OFA (for PIR extraction), enabling a scheduled, hands-free process that runs three times daily. The AI assistant performs data analysis, classification, PIR extraction, ticket creation, Excel report generation, and email notification — all triggered automatically without human input.

---

### Solution Architecture — Automated Flow

**Flow Name:** CSRP Daily Manual & Tax Batch Processor

**Trigger:** Scheduled — Runs automatically 3 times daily at:
- **Run 1:** 12:00 PM IST (11:00–12:30 window)
- **Run 2:** 2:00 PM IST (1:30–2:30 window)
- **Run 3:** 4:00 PM IST (3:30–4:30 window)

---

### Flow Steps

**Step 1: Extract Data from Dollar Glass (API Integration)**

- **Integration:** Direct API connection to Dollar Glass tool
- **Action:** Automatically export all payment batch data as structured data (CSV/JSON)
- **No manual export required** — the flow pulls data directly from Dollar Glass at the scheduled time
- **Output:** Raw batch data including Check Run Name, Org Name, Payment Method, Batch Status, Oracle Status, Amazon Bank Account, Creation Date, Amount, Currency, Value Date, Reference Number, and Payment Count

**Step 2: Filter & Classify CSRP Batches**

- **Input:** Raw Dollar Glass data from Step 1 + Org List (maintained as a reference file in the flow)
- **Processing:**
  - Filter: Batch Status = N/A (blank), Oracle Status = Confirmed
  - Cross-reference against Org List to identify CSRP EMEA and MENA organizations
  - Exclude CHECK and CLEARING payment methods (with exceptions: KSA and JO include CLEARING)
  - Apply PST-to-IST timezone logic: Only include batches created between 21:00 PST (previous day) to 05:00 PST (current day)
  - Classify each batch as **Manual** or **Tax** (based on batch name containing ""TAX"")
  - Determine **Same-Day (SD)** vs. **Future-date** (based on Value Date = today's IST date)
  - Determine **FX** vs. **Non-FX** (Account Currency ≠ Payment Currency = FX)
  - Map each batch to the correct **bank** using debit bank account identifier and exception rules
  - Apply **deduplication** for Run 2 and Run 3 to skip batches already processed in earlier runs
- **Output:** Classified list of CSRP manual and tax batches ready for PIR extraction

**Step 3: Extract PIR Reports from OFA (Oracle Fusion Applications Integration)**

- **Integration:** Direct API/RPA connection to Oracle Fusion Applications (OFA)
- **Action:** For each identified batch from Step 2:
  - Automatically log into Oracle Payments Manager
  - Input the batch name and retrieve the Payment Instruction Reference Number
  - Navigate to the Oracle report submission interface
  - Submit a request for the **Payment Instruction Register (PIR)** report using the reference number
  - Wait for report generation to complete
  - Download the PIR report (PDF format)
- **No manual Oracle login or report generation required** — the flow handles all Oracle interactions automatically
- **Output:** PIR PDF files for all identified batches

**Step 4: Extract Payment Details from PIR PDFs**

- **Input:** PIR PDF files from Step 3
- **Processing:**
  - Parse each PIR PDF to extract structured payment data:
    - Document Number, Trading Partner/Payee Name, Supplier Number, Payment Amount, Payment Currency, Account Currency, Payment Date, Payment Method, Bank Account, Operating Unit, Legal Entity, Supplier Site, Remit-to Account, BIC/SWIFT, Amount Withheld, Payee Address, Payee Country
  - Compile all payment details into a **single consolidated Excel sheet** (one sheet, not separate tabs)
  - Add Ticket Link column (populated after ticket creation in Step 5)
- **Output:** Consolidated Excel file with all PIR payment details

**Step 5: Create Approval Tickets Automatically**

- **Input:** Classified batch data from Step 2 + PIR payment details from Step 4
- **Processing:**
  - Group payments by: Type (Manual/Tax) + Bank Abbreviation + FX Status + Same-Day
  - Create one ticket per group in the ticketing system with:
    - **Title format:**
      - Manual Wire [FX] Payment Approval Request <<EMEA [- SD]>><<Bank Abbreviation>>
      - TOM TAX [FX] Payment Approval Request <<EMEA [- SD]>><<Bank Abbreviation>>
    - **Description:** Batch names (with timestamps), reference numbers, payment counts, FX counts, and standard approval template
    - **CTI:** Accounts Payable - Payments > CSRP Payments > CSRP - EMEA
    - **Severity:** SEV-5
  - Bank abbreviations: SCB (Standard Chartered), BOA (Bank of America), CB (Citibank), AB (Arion Bank), KB (Kyriba Bank), BOG (BOG Bank)
- **Output:** Ticket IDs and links for all created tickets

**Step 6: Generate & Send Consolidated Email**

- **Input:** All data from Steps 2–5
- **Processing:**
  - Compose a professionally formatted email with:
    - Subject: [AUTOMATED] CSRP Manual & Tax Batches for Processing – DD-MMM-YYYY (Run X)
    - Summary table of all batches (Manual and Tax, FX and Non-FX, Same-Day highlighted in yellow)
    - Ticket links for each created ticket
    - Reference numbers for all batches
    - Attached consolidated Excel sheet with full PIR payment details
    - Pilot project disclaimer footer
    - Footer: ""Ticketing application: QInternalTicketAgent - Pilate project""
  - **Recipients:**
    - To: riyishaq@amazon.com
    - CC: ap-payments-csrp-hyd@amazon.com, kanchwal@amazon.com, shreesc@amazon.com, chilluve@amazon.com, dsandee@amazon.com
- **Output:** Email sent to all recipients with attachments

---

### Exception Rules Built Into the Flow

| Exception | Rule |
|---|---|
| Iceland (AMAZON.IS) | Uses Arion Bank (AB) |
| Georgia (AMAZON.GE) | Uses BOG Bank (BOG) |
| Morocco (AMAZON.MA) | Uses Kyriba Bank (KB) |
| Croatia (AMAZON.HR) | Uses Kyriba Bank (KB) |
| RSD currency payments | Uses Kyriba Bank (KB) |
| KSA & JO organizations | CLEARING payment method included (not excluded) |
| Same-Day payments | Separate tickets with ""- SD"" tag in title |
| FX payments | Separate tickets with ""FX"" in title; FX = Account Currency ≠ Payment Currency |
| Deduplication | Run 2 and Run 3 skip batches already processed in earlier runs |
| Timezone | Batches run on PST; team works on IST; IST date = PST date + 1 day |

---

### Integration Requirements

| System | Integration Type | Purpose | Status |
|---|---|---|---|
| Dollar Glass | API Integration | Auto-extract batch data (CSV/JSON) without manual export | Requires API access approval |
| Oracle Fusion Applications (OFA) | API/RPA Integration | Auto-retrieve reference numbers and generate PIR reports | Requires Oracle API access or RPA bot setup |
| Ticketing System (SIM-T) | Action Integration | Auto-create approval tickets with CTI routing | Available (already integrated) |
| Outlook Email | Action Integration | Auto-send formatted emails with attachments | Available (already integrated) |
| Org List | Reference File | CSRP/MENA org identification and bank mapping | Maintained as uploaded file in the flow |

---

### Permissions Required

1. **Dollar Glass API Access** — Read-only access to export batch data programmatically
2. **Oracle Fusion Applications API Access** — Access to Oracle Payments Manager and report submission APIs for PIR generation
3. **SIM-T Ticket Creation** — Action integration enabled for automated ticket creation (already available)
4. **Outlook Email** — Integration for automated email dispatch (already available)
5. **Amazon Quick Flow Scheduling** — Permission to create and schedule automated flows at 3 daily intervals

---

### Implementation Phases

| Phase | Scope | Timeline | Dependencies |
|---|---|---|---|
| Phase 1 (Current — Pilot) | Semi-automated: User uploads Dollar Glass export + PIR PDFs into AI chat; AI handles classification, ticket creation, Excel generation, and email | Completed (Live) | None — currently operational |
| Phase 2 | Flow-based automation: Scheduled flow with user-triggered Dollar Glass upload; AI auto-processes PIR extraction from uploaded PDFs | 2–4 weeks | Quick Flow configuration and testing |
| Phase 3 | Dollar Glass API integration: Flow auto-pulls batch data from Dollar Glass — no manual export needed | 4–8 weeks | Dollar Glass API access approval and development |
| Phase 4 | OFA/Oracle API integration: Flow auto-generates PIR reports from Oracle — no manual Oracle login needed | 8–12 weeks | Oracle API access approval, RPA bot development, or OFA API integration |
| Phase 5 | Fully automated end-to-end: Scheduled flow runs 3x daily with zero human intervention — from batch identification to ticket creation to email notification | 12–16 weeks | All integrations from Phases 3 & 4 completed |
| Phase 6 | Daily allocation workflow integration and advanced analytics/reporting dashboard | 16–20 weeks | Phase 5 completion + allocation logic design |

---

### Expected Benefits

| Metric | Current (Manual) | Phase 1 (Pilot — Current) | Phase 5 (Fully Automated) |
|---|---|---|---|
| Processing time per window | 30–45 minutes | Under 5 minutes | 0 minutes (fully automated) |
| Daily effort (3 windows) | 1.5–2.25 hours | ~15 minutes | 0 minutes |
| Manual data entry errors | Frequent | Near zero | Zero |
| Ticket creation | Manual (5–10 min each) | Automated (seconds) | Automated (seconds) |
| Email notifications | None | Automated | Automated |
| Dollar Glass export | Manual download | Manual upload to AI | Auto-pulled via API |
| PIR generation | Manual Oracle login | Manual upload to AI | Auto-generated via OFA API |
| Deduplication | Manual tracking | Automated | Automated |
| Scalability | Limited by headcount | Scales with volume | Fully scalable |
| Human intervention required | Every step | Upload 2 files per run | None |

---

### Risk Mitigation

| Risk | Mitigation |
|---|---|
| Dollar Glass API unavailable | Fallback to manual CSV upload into AI chat (Phase 1 mode) |
| Oracle API/RPA failure | Fallback to manual PIR PDF upload into AI chat (Phase 1 mode) |
| Incorrect batch classification | Exception rules maintained as configurable reference; user can add new exceptions at any time |
| Duplicate tickets | Built-in deduplication logic across all 3 daily runs |
| Email delivery failure | Retry mechanism + fallback notification via chat |
",,2–3 months,Yes – but access approval is required,168,168,2026-04-17T15:56:51Z,2026-04-20T16:57:28Z,,Yes,I have started working on it - in progress,23,3,,💡 Submit a New AI Idea
,,,,,,,,,,590,590,2026-04-20T15:51:53Z,2026-04-21T11:27:34Z,,,,23,3,,🏆 Submit a Completed AI Win
538,538,Accts Payable - VAR,Account Management,"The current QC reporting process is manual, repetitive, and error-prone — creating avoidable operational burden and stakeholder blind spots every month.

Key pain points:

Time-intensive execution: Auditors spend hours each cycle on data extraction, score calculation, observation summarization, and email drafting — tasks that are mechanical and repeatable, yet fully manual today.

Risk of human error: Manual score calculations and copy-paste workflows introduce inconsistency in what analysts receive, undermining the credibility and fairness of performance feedback.

No standardization: Email quality and structure vary based on individual effort, leading to inconsistent analyst experience across the team.

Stakeholder dependency: Managers and skip-managers lack on-demand access to analyst performance data. Insights are locked in periodic emails, creating lag between data availability and leadership visibility.

Scalability constraint: As the team or audit scope grows, the manual effort scales linearly — making the current process unsustainable without additional headcount.
",4-5 hrs/month,"Proposed AI solution is an end-to-end, no-code AI automation built on Amazon Quick Suite that eliminates manual effort from the QC reporting cycle and unlocks self-service performance insights for stakeholders.

How it works:

The QC Auditor triggers a Quick Flow with just two inputs — target month and year.

The flow automatically processes the Audit Tracker, calculates analyst-wise average scores by activity type (PQV/Settlement) and audit level, compiles observations, and generates personalized performance summaries.

Professionally formatted emails are auto-generated for each analyst and delivered via Outlook — without any manual drafting or sending. (Just have to click the send button)

For stakeholders, the same underlying knowledge base powers a shared Chat Agent accessible to managers and skip-managers. They can ask natural language questions — ""What was Analyst X's average PQV score in March?"" or ""Which analysts had the most observations last quarter?"" — and receive instant, data-driven answers without waiting for a report",8 - 10 mails per month,2 weeks,Yes – I already have access,591,591,2026-04-20T15:56:30Z,2026-04-21T08:22:30Z,"While exploring the Amazon Quick features, got to learn a lot. Maybe in the advanced stages of automation, incorporating the real time data into dashboard is also a very likely scenario.",Yes,Completed,23,1,NA,💡 Submit a New AI Idea
,,,,,,,,,,590,590,2026-04-20T16:10:35Z,2026-04-21T11:27:45Z,,,,23,3,,🏆 Submit a Completed AI Win
512,512,Accts Payable - VAR,APQC,"The current process of preparing and sharing monthly metrics is manual, repetitive, and time-intensive:

•	~20 metrics are manually created each month using Zeus audit data 
•	 Requires ~18 hours per month (~216 hours annually) 
•	Reports are shared via individual emails to process owners and leadership 
",18Hours,"We require an end-to-end automated solution that:
1.	Data Integration 
o	Directly extracts audit data from Zeus (or source system) 
2.	Automated Metric Calculation 
o	Auto-generates all ~20 metrics (accuracy, defect Pareto, fatal vs non-fatal, etc.) 
o	Standardized calculation logic across all process groups 
3.	Dashboard & Visualization 
o	Centralized dashboard (e.g., Power BI/Tableau or internal tool) 

4.	Automated Reporting 
o	Scheduled report generation (monthly/weekly as needed) 
o	Auto-distribution to stakeholders (email or dashboard access) 
o	Eliminate manual email preparation 
",,1 month,Yes – but access approval is required,427,427,2026-04-21T08:15:21Z,2026-04-21T12:11:40Z,,Not sure,,23,3,,💡 Submit a New AI Idea
,,,,,,,,,,153,153,2026-04-21T09:57:45Z,2026-04-22T19:08:49Z,,,,23,1,,🏆 Submit a Completed AI Win
,,,,,,,,,,153,153,2026-04-21T11:51:33Z,2026-04-22T19:08:40Z,,,,23,1,,🏆 Submit a Completed AI Win
489,489,Accts Payable - VAR,Retail FinCoM,Sharing the Month on month performance to users is manual and we often miss the information like feedback and appreciation which can be further discussed in 101,4 Hours,I have created an Agent which can read the data from One Drive and email where i have created instructions create the performance report which can be shared to the user by consolidating the feedback sent during the month and their performance numbers for the PEP file.,20+ User per team * 30 mins we spend every month to prepare this perfirmance data,1 month,Partial data available,344,344,2026-04-21T12:23:53Z,2026-04-22T19:08:30Z,I also need to improve the promt as i see consistancy issues with the Format it is generating the feedback.I have one of the sample email that i have triggered ,Yes,I have started working on it - need technical support,23,1,"I need intergation to QS dashboards so that i can generate the PEP files also from the same agent instead of getting the data individually , which can save more time",💡 Submit a New AI Idea
,,,,,,,,,,112,112,2026-04-21T12:40:58Z,2026-04-22T19:08:23Z,,,,23,1,,🏆 Submit a Completed AI Win
590,590,Accts Payable Retail- VAR,Account Management ,"Our current process begins by identifying the highest-priority vendors based on key performance metrics, which are then allocated across the team for dedicated account management. The team engages directly with these vendors, working collaboratively to address and resolve defects with the goal of reducing their Invoice Shortage Rate (ISR). Identifying the right vendor at the right time is central to the effectiveness of this process. Currently we manually extract these Payee codes list and work on exclusions and manually identify right set of vendors to be prioritized

",20 hours,"By establishing a weekly automated trigger, we can assign an agent the task of extracting all retail vendors meeting defined thresholds — specifically, those with a business value exceeding a set dollar amount over a trailing six-month period and an initial shortage amount above a specified threshold — while systematically excluding Otter, Direct Import, and Fresh vendors. The agent would then cross-verify this extract against the Allocation File maintained in SharePoint and deliver a consolidated Excel report via email, listing the selected Payee Codes ranked by highest shortage amounts. This allocation file can be weekly generated and shared with right POCs",24 times in a year,1 month,Yes – but access approval is required,609,609,2026-04-21T13:31:04Z,2026-04-22T19:08:15Z,,Yes,I have started working on it - in progress,23,1,Integrating Sharepoint with quick ,💡 Submit a New AI Idea
447,447,FinOps - AR CDO - VAR,Retail FinCoM,Retail FinCoM team runs a request in OFA to download the requested invoices which is completely manual and time consuming activity as OFA is limited to download one invoice at one time.,534 hrs/month,"Looking for a proposed  solution that can help in downloading the AR invoice copies from OFA on behalf of the team, saving the manual efforts of the team.",22421,1 month,Yes – I already have access,344,344,2026-04-21T13:51:47Z,2026-04-22T19:08:06Z,To streamline the current process,Yes,I need to start working on it,23,1,Yes,💡 Submit a New AI Idea
,,,,,,,,,,84,84,2026-04-21T15:40:13Z,2026-04-30T11:11:08Z,,,,23,3,,🏆 Submit a Completed AI Win
45,45,Accts Payable NonInventory-VAR,Corp AP FinCoM,"Currently, analysts managing Payee Central cases face challenges in quickly accessing relevant information, maintaining consistency in vendor communications, and tracking resolution patterns across multiple vendor interactions. The manual nature of case management leads to extended resolution times and inconsistent vendor experiences. This project addresses these operational gaps by creating an intelligent system that combines automation with institutional knowledge preservation.",142 Hrs/ Month (approx),"Primary Objective: Develop an AI-powered knowledge management system that enables analysts to resolve vendor queries faster, more accurately, and with greater consistency while capturing organizational learning for future reference.

Secondary Objectives:
•	Reduce average case resolution time by providing instant access to relevant best practices
•	Standardize vendor communication through AI-generated response templates
•	Enable data-driven decision making through trend analysis and reporting
•	Build institutional knowledge that survives organizational changes
•	Improve vendor satisfaction through faster, more accurate responses
",1500 Pc cases per month for EMEA org,2–3 months,Yes – but access approval is required,84,84,2026-04-21T15:56:21Z,2026-04-30T11:12:38Z,to increase the scope,Yes,I have started working on it - need technical support,23,2,Tech Support required to build the tool,💡 Submit a New AI Idea
45,45,Accts Payable NonInventory-VAR,Corp Ap FinCoM,NRR response rate for EMEA org is low and have high NRR%,,AI based Sentiment Analysis based on ongoing communication with Vendor through Payee Central tool to predict Negative Response from vendor in case of Case resolution and also share corrective action to amazon analyst to covert Negative response into Postive Response.,1500 Pc case per month,2–3 months,Partial data available,84,84,2026-04-21T16:03:02Z,2026-04-30T11:11:42Z,,Yes,I have started working on it - in progress,23,3,Tech team support required to build the tool,💡 Submit a New AI Idea
,,,,,,,,,,79,79,2026-04-21T16:56:57Z,2026-04-22T19:07:28Z,,,,23,1,,🏆 Submit a Completed AI Win
,,,,,,,,,,153,153,2026-04-22T08:24:48Z,2026-04-22T19:07:17Z,,,,23,1,,🏆 Submit a Completed AI Win
71,71,Accts Payable NonInventory-VAR,Invoice on Hold - IOH ,"Business teams frequently reach out to IOH analysts to understand why invoices are on hold and how to resolve them. Apart from end resolution of hold such as receiving and adding funds to PO, they need help on cancellation queries,reassignment of holds, access, and require Coupa related assistance. Significant time is spent by IOH team responding to repetitive and standardized queries, impacting productivity",78hours/per month ,"Develop an IOH Intelligent Assistant, a conversational AI tool that can understand user queries and provide contextual responses from Central repository of IOH SOP and Wiki ",average of 946 volume per month ,Exploratory,Yes – I already have access,116,116,2026-04-22T10:31:43Z,2026-04-22T19:07:11Z,,Yes,I need to start working on it,23,1,yes ,💡 Submit a New AI Idea
210,210,Accts Payable Retail- VAR,POR,"The core problem is that the invoice lifecycle is fragmented across systems that were never designed to speak to each other. An invoice that is parked in FOC, disputed in Paragon, and settled in the RARE Dashboard exists as three separate, unlinked records with no automated connection between them. Analysts spend a significant portion of their working week not on analysis, but on data retrieval — opening systems, running queries, cleaning invoice numbers, applying regional filters, and manually joining outputs. This creates delays in dispute resolution, vendor escalation, and audit response. It also creates a knowledge dependency where only experienced team members know which system holds which data, which join logic to apply, and which cleaning rules to use — making the entire operation fragile and difficult to scale.",TBD,"The solution is to build a centralized AI-powered platform where all invoice data — across all systems, all regions, and all lifecycle stages — is brought together into one unified layer. On top of this unified layer, a conversational AI interface allows any team member to type a question in plain English and receive an instant, accurate answer without opening any system, running any query, or downloading any file.

The platform is structured across four layers. The first layer unifies all data sources into a single data warehouse using automated daily and weekly pipelines, so that every system feeds into one place and is always current. The second layer builds a semantic data model on top of the raw data — a single logical invoice record that maps every field from every source into one unified schema, covering the full invoice lifecycle from PO creation through final settlement. The third layer is the AI query engine, a conversational interface where team members type questions in plain English and the AI automatically generates, executes, and returns the answer — with built-in knowledge of invoice terminology, regional routing, dispute logic, and operational SOPs. The fourth layer is a dashboard and export layer where pre-built reports replace all manual downloads, one-click exports produce clean formatted outputs, and automated monthly refreshes ",tbd,1 month,Yes – I already have access,624,624,2026-04-22T13:56:40Z,2026-04-29T12:22:13Z,"stakeholder decissions , project decissions , business decissions ",No,I have started working on it - need technical support,23,3,,💡 Submit a New AI Idea
489,489,Accts Payable - VAR,Retail FinCoM,"- Multiple check points and investigation is involved and blurb needs to be copy pasted and updated based on the requirement.

- Tracking these payment failures are also creating problem as sometime multiple tickets will be involved.

- Finding the data attributes is increasing the user AHT.

- We find quality issues sometime where the prechecks are not done and the blurb usage is incorrect.",40Hrs,"Create an Structured Intake system which can validate the details, perform the check list and provide the creation ready case details which will reduce the efforts which currently team is spending, we need to use AI language models to prepare the communication draft by using current blurs and communication request.",20Hrs,2–3 months,Partial data available,344,344,2026-04-22T14:27:26Z,2026-04-22T19:06:42Z,Need help in extracting the data apply the current work flows and creating the dashboard where BUG and VIVA can submit their tasks and FinCom can use the same dashboard to update the details.,Not sure,I need to start working on it,23,1,Geeting the data attributes and generating the dashboard ,💡 Submit a New AI Idea
,,,,,,,,,,491,491,2026-04-22T15:49:54Z,2026-04-22T19:06:32Z,,,,23,1,,🔁 Request to Replicate an Existing AI Win
344,344,Accts Payable - VAR,Project Gratitude,"Manual data sorting, sentiment analysis and preparation of publication ",,"To configure data retrieval, selection of 15 best anecdotes (based on certain pre-defined rules) and getting best practices from analysts. Final step would be to complete publication preparation in a pre-defined format and publish to the intended audience. Also create a GDA dashboard for leadership visibility.",,1 month,Partial data available,344,344,2026-04-22T15:56:01Z,2026-04-22T19:06:25Z,No,No,I have started working on it - need technical support,23,1,To help get access to LLM/Python for Project Grattidue core team,💡 Submit a New AI Idea
344,344,Accts Payable - VAR,Retail FinCoM,"For each NRR received, a manager has to today manual analysis of the NRR received which is time consuming and delays the process of sharing feedback with analyst promptly.",Manual analysis of vendor contact on which NRR received and categorising it,To link the NRR data with Amazon Quick to auto-generate NRR analysis,250 per month,2 weeks,Yes – I already have access,491,491,2026-04-22T16:02:02Z,2026-04-22T19:06:15Z,No,Yes,I have started working on it - in progress,23,1,NA,💡 Submit a New AI Idea
344,344,Accts Payable - VAR,Retail FinCoM,Analyst and Manager feedback are today and time consuming in-terms of preparing data and sharing the feedback over email. Also to analyze the past feedback given and if action has been taken on same. ,10,To link it with Amazon Quick for feedback analyzing and sharing with analyst.,,2 weeks,Yes – I already have access,491,491,2026-04-22T16:05:45Z,2026-04-22T19:06:05Z,No,Yes,I need to start working on it,23,1,No,💡 Submit a New AI Idea
344,344,Accts Payable - VAR,Retail FinCoM,Manual preparation of promo documents based on LPs,30,"To create a agent to help write promo docs in SBI format linked to relevant LPs, level and role (PM or IC)",,1 month,Yes – I already have access,491,491,2026-04-22T16:08:46Z,2026-04-22T19:05:57Z,NA,Yes,I have started working on it - in progress,23,1,NA,💡 Submit a New AI Idea
344,344,Accts Payable - VAR,Retail FinCoM,"Manual tracking of missed SLA, Due-cases or MAC contacts which results in delayed vendor response",10,To auto-trigger notification to analyst and managers before 2hours of SLA being missed - notifying to priortize the contact and generate a report for leadership on daily basis analyst-wise with missed SLA history.,,1 month,Yes – I already have access,491,491,2026-04-22T16:14:31Z,2026-04-22T19:05:49Z,NA,Yes,I have started working on it - in progress,23,1,NA,💡 Submit a New AI Idea
344,344,Accts Payable - VAR,Retail FinCoM,"Manual data, context and details compiling for Forte feedbacks for team as well as Stakeholders.",2,Create a agent specifically trained to write Forte feedback based on the actual work done by the team member and data-driven collaboration with a stakeholder.,,1 month,Yes – I already have access,491,491,2026-04-22T16:23:59Z,2026-04-22T19:05:34Z,NA,Yes,I have started working on it - in progress,23,1,NA,💡 Submit a New AI Idea
,,,,,,,,,,153,153,2026-04-22T18:43:55Z,2026-04-22T19:05:23Z,,,,23,1,,🔁 Request to Replicate an Existing AI Win
,,,,,,,,,,626,626,2026-04-22T18:59:56Z,2026-04-22T19:05:19Z,,,,23,1,,🔁 Request to Replicate an Existing AI Win
625,625,Accts Payable Retail- VAR,Pay On Receipt (POR),"Analysis is currently a manual activity, requiring team members to verify multiple tools (FinOps Central and Procurement Portal) for each ASIN
    With business volumes expected to grow 3X by end of 2026, the manual workload will become unsustainable
    The team has identified 3 major root causes driving PQV:
        1) Invoicing Issues
        2) Shipment Shortages
        3) Catalogue Issues",,"Automate the proactive PQV root cause analysis to:

    Eliminate manual effort spent on identifying root causes across multiple tools
    Free up team bandwidth to focus on resolving issues rather than finding them
    Scale efficiently to handle the anticipated 3X volume increase
",,,Yes – I already have access,635,635,2026-04-24T08:40:43Z,2026-04-28T16:52:48Z,,Not sure,I have started working on it - in progress,23,1,,💡 Submit a New AI Idea
189,189,Accts Payable Retail- VAR,Pay On Receipt (POR),"The POR Settlement process is a high-complexity, multi-step financial workflow involving vendor reconciliation, root cause analysis, multi-stakeholder approvals, and compliance-driven communications — all governed by a detailed SOP (V4) with strict SLAs, regional variations, and escalation thresholds.

Analysts on the US POR Escalations team face several compounding challenges:

High cognitive load — Analysts must simultaneously track SLA aging, P&L thresholds, RCA confidence levels, regional rules, and approval chains across dozens of active SIM tickets
SOP complexity — SOP V4 spans 24 pages with region-specific rules (NA/EU/JP/LATAM), multiple exception paths, and 8 settlement phases — making real-time compliance difficult
Communication overhead — Drafting accurate, SOP-compliant blurbs, verbiage, and vendor/retail correspondence is time-consuming and error-prone
Escalation risk — Missing SLA breaches (78-day TTR), $250K Stores thresholds, or $1MM legal triggers can result in financial exposure, vendor dissatisfaction, or supply chain disruptions
Inconsistency — Without a centralized AI guide, analyst decisions on RCA payback %, override justifications, and routing can vary, creating audit and controllership risks",176,"The POR Settlement process is uniquely suited for AI augmentation due to the following reasons:

1. High Volume, Repetitive Cognitive Tasks
Analysts handle dozens of active SIM tickets simultaneously, each requiring statement reconciliation, RCA classification, blurb drafting, and SLA tracking
These tasks follow structured, rule-based logic (SOP V4) — exactly the type of work where AI excels at reducing manual effort and errors
2. Complex, Multi-Layered SOP Compliance
SOP V4 spans 24 pages with region-specific rules (NA/EU/JP/LATAM), 8 settlement phases, multiple exception paths, and strict thresholds
AI can act as a real-time SOP guide, surfacing the right rule, blurb, or threshold at the right moment — eliminating the need to manually search documentation
3. SLA & Escalation Risk Management
Missing the 78-day TTR SLA, the $250K Stores threshold, or the $1MM legal trigger can result in financial exposure, audit findings, or vendor relationship damage
AI can silently assess urgency on every interaction and proactively flag breach risks before they occur
4. Communication Drafting at Scale
Analysts must draft SOP-compliant blurbs, verbiage, and correspondence for vendors and internal stakeholders across multiple stages (8 blurb categories, 5 follow-up types)
AI can generate audience-appropriate, citation-backed drafts in seconds — reducing drafting time from minutes to moments
5. Inconsistency & Controllership Risk
Without a centralized guide, analyst decisions on RCA payback %, override justifications, and routing can vary — creating audit and controllership gaps
AI enforces guardrails (e.g., no HCGS overrides, no CN/JP negotiation, no Grocery vendor comms) consistently across all analysts
6. Knowledge Accessibility
Critical process knowledge is spread across SOP documents, blurb libraries, regional playbooks, and dashboards
AI consolidates all knowledge into a single conversational interface — reducing onboarding time and dependency on senior analysts for guidance
7. Progressive Discovery & Contextual Intelligence
Settlement cases are dynamic — each vendor interaction reveals new information that changes the recommended action
AI can build context progressively through dialogue, adapting recommendations as new facts emerge (vendor response, RCA findings, Stores feedback)
In Summary
The POR Settlement Analyst Copilot is proposed as an AI solution because the settlement process is rule-dense, time-sensitive, high-stakes, and repetitive — making it an ideal candidate for AI augmentation that reduces analyst effort, enforces compliance, accelerates resolution, and scales institutional knowledge across the team.",2000 per month,2 weeks,Yes – I already have access,186,186,2026-04-24T15:10:05Z,2026-04-28T16:52:37Z,Should automatically reads through the SIM on opening the extension to save the time,Yes,I have started working on it - need technical support,23,1,Need support on the intended requirement (TBD),💡 Submit a New AI Idea
530,530,Accts Payable NonInventory-VAR,Transportation Finance,"FinOps AP processes an average of 5.7K Duty and VAT broker invoices per month, across 29 unique broker/supplier formats, each with distinct document structures, compliance checkpoints, and matching requirements. Every invoice must be validated against multiple supporting documents before payment, and FinOps AP manually prepares the CREATURE template for each upload cycle — a process that is highly repetitive, format-sensitive, and compliance-critical.",773.2 Hours per month,"Using AI tools like Orcha / Kiros we want to build up a product or script which can read the documents to perform compliance checks, including multi document matching process and also help in preparing Creature templates for payments. Already we tested certain examples.",5.7k,,Yes – I already have access,432,432,2026-04-27T12:58:10Z,2026-04-29T09:56:09Z,,Not sure,I have started working on it - in progress,23,3,,💡 Submit a New AI Idea
530,530,Accts Payable NonInventory-VAR,Transportation Finance,"Doing compliance check and approving the document is manual which may take ~3 to 4 min/per invoice. 
",53 hours per month,"Using AI tools like Kiros and Orcha, a solution can be built to automatically compare vendor-submitted PDF invoices against DSP-approved documents, identify the correct barcodes from DICES, and streamline the submission of invoices through the DSP portal.
",~800+,,Yes – I already have access,432,432,2026-04-27T13:07:17Z,2026-04-29T10:05:54Z,,Yes,I need to start working on it,23,3,,💡 Submit a New AI Idea
530,530,Accts Payable NonInventory-VAR,Transportation Finance,"The Transportation Finance team covers three different regions and performs multiple activities against each region, requiring managers  to manually calculate figures per activity in order to prepare the PEP files for each region. This process is time-consuming as each calculation must be done individually, making it difficult to consolidate outputs efficiently across regions.
",~7 hours per month (WW),"Using AI tools like Kiros and Orcha, a solution can be built to automate the manual calculations required per activity across all three regions, consolidate the outputs, and generate the PEP files automatically — saving significant time.
",,,Yes – I already have access,432,432,2026-04-27T13:14:07Z,2026-04-29T10:04:12Z,,Yes,I have started working on it - in progress,23,3,,💡 Submit a New AI Idea
518,518,Accts Payable NonInventory-VAR,Transportation Finance,"Manually validating Brazil e-invoices is  time-consuming, error-prone,with multiple municipalities submitting invoices via EDI daily(~1063 per month) , manually checking each  critical fields like CNPJ, ISS rate, service code, and government validation ID is time utilizing 3 minutes per invoice. ",637 hrs Annually,Develop a Macro using AI which would read the PDF documents and share the output in CSV upload format.,Avg 1063 per month,1 month,Yes – I already have access,432,432,2026-04-27T13:29:47Z,2026-04-29T10:03:14Z,Compliance Validation,Not sure,I have started working on it - in progress,23,3,Yes,💡 Submit a New AI Idea
418,418,Accts Payable NonInventory-VAR,Transportation Finance,On monthly basis team validates and releases ~12K invoices. Team is spending ~1 min per invoices which is ~214 hours per month.,2571 hours per annum,Create a Bot which will help us in releasing the hold against the compliant invoice.,12000 per month ,2–3 months,Yes – I already have access,432,432,2026-04-27T13:30:21Z,2026-04-29T10:01:52Z,,No,I have started working on it - need technical support,23,3,,💡 Submit a New AI Idea
,,,,,,,,,,432,432,2026-04-27T13:43:58Z,2026-04-29T10:05:18Z,,,,23,3,,🔁 Request to Replicate an Existing AI Win
,,,,,,,,,,432,432,2026-04-27T13:47:29Z,2026-04-29T09:58:14Z,,,,23,3,,🏆 Submit a Completed AI Win
,,,,,,,,,,116,116,2026-04-27T15:40:33Z,2026-04-28T16:51:31Z,,,,23,1,,🔁 Request to Replicate an Existing AI Win
414,414,Accts Payable NonInventory-VAR,Month-End AP Payment Scheduling & Execution (BCP Critical Process) ,"The process is highly manual, complex and dependent on individual expertise, with:

Multiple country-specific rules and exceptions
No centralized system for validation or decision support
High risk of:
Early or late payments
Cash flow mismanagement
AP close delays
Financial misstatements",10 hours per month,"Develop an AI driven Payment Scheduling & Validation that:

Auto-adjusts payment schedules based on:
AP close calendar
Market conventions
Bank holidays
Identifies and flags:
Payment timing risks (early/late)
Conflicts with AP close window
Recommends:
Template updates (PTD, PD changes)
Hold/Release actions
Enables simulation (“what-if” scenarios) for better decision-making","~1000–1500 payment templates per cycle, Coverage across 50+ countries and multiple OUs, Monthly and quarterly cycles",1 month,Yes – I already have access,495,495,2026-04-27T16:20:06Z,2026-04-28T16:51:24Z,,Yes,I need to start working on it,23,1,,💡 Submit a New AI Idea
414,414,Accts Payable NonInventory-VAR,Accounts Payable – Payments,"The current reconciliation process is highly manual, time-consuming, and prone to human errors due to:

Multiple data sources (OFA, Dollar Glass)
Extensive manual data cleaning and transformation
Dependency on Excel-based reconciliation (VLOOKUP, pivots)
Risk of missing discrepancies due to manual oversight

This can result in:

Missed payment batches
Delays in vendor payments
Increased risk of SLA breaches and escalations",1 hour per day,"Develop an AI-powered reconciliation engine that:
Automates data extraction from OFA and Dollar Glass
Performs intelligent matching of scheduled vs processed templates
Auto-identifies discrepancies (missed, failed, duplicate, delayed runs)
Applies rule based/ML anomaly detection for exceptions
Generates automated dashboards and reports
Triggers real time alerts for failures or delays
Recommends root cause and next actions based on historical patterns",Daily,1 month,Yes – I already have access,495,495,2026-04-27T17:24:46Z,2026-04-28T16:51:18Z,,Yes,I need to start working on it,23,1,,💡 Submit a New AI Idea
519,519,Accts Payable NonInventory-VAR,Finops-AP,"Over the past several weeks, I've been analyzing our team's AI tool usage and have identified a significant opportunity: we're using AI tools extensively, but we have no systematic way to measure their impact or optimize their adoption.
 
This matters because:
•	Leadership needs quantifiable ROI from AI investments
•	We're missing opportunities to identify and scale best practices
•	Industry leaders (Meta, Google) are now tying AI usage to performance reviews
•	Amazon has established the GenAI Monitoring Golden Standard—we should be early adopters
",3 FTE capacity freed for strategic work,"I propose a comprehensive framework that leverages Amazon's existing AppSense SDK infrastructure to provide:
Measurable Business Impact:
•	$43,700 Q1 cost savings (projected $175K annually)
•	35% average productivity improvement across bot development, documentation, and query building
•	3 FTE capacity freed for strategic work
•	230% first-year ROI on $19K investment
Strategic Value:
•	Data-driven optimization of workflows
•	Proactive identification of best practices
•	Leadership visibility into team productivity
•	Scalable model for enterprise-wide adoption
The attached executive summary provides complete details on the framework architecture, implementation roadmap, success metrics, and ROI analysis.
",NA,2–3 months,No – data source needs to be identified,153,153,2026-04-27T23:53:00Z,2026-04-28T16:51:08Z,,Yes,I have started working on it - need technical support,23,1,,💡 Submit a New AI Idea
519,519,Accts Payable NonInventory-VAR,Retail-AP,"From the Employee's Perspective

    Employees invest significant effort into high-impact projects but have no structured way to surface that impact during internal transfers
    Contributions documented in AtoZ are static and not intelligently matched to opportunities
    Manager relationships and visibility — rather than actual impact — often drive internal mobility decisions
    In cases of manager conflict or adverse performance actions, an employee's genuine contributions can be overshadowed or disputed, with no independent system to validate ownership

2.2 From the Hiring Manager's Perspective

    Hiring managers have no intelligent search capability over internal employee contribution profiles
    External hiring is frequently pursued even when a qualified internal candidate already exists
    Matching is done manually, based on job titles and self-reported skills — not on proven, documented impact

2.3 The Business Cost

    External hires cost significantly more than internal transfers in recruitment, onboarding, and ramp-up time
    High-impact employees who feel their contributions are invisible are at higher attrition risk
    Institutional knowledge walks out the door when internal mobility fails
",0,"My Contributions AI is an AI layer integrated with AtoZ Work Contributions that serves three stakeholders: the employee, the hiring manager, and HR.
3.1 Core Capabilities

📥 Auto-Ingest & Structuring

    Reads employee contribution records from AtoZ in real time
    Extracts project name, dates, measurable impact (hours saved, FTE, dollar value), and approval status automatically
    Eliminates manual copy-pasting and formatting effort

📊 Impact Quantification Engine

    Standardizes impact metrics across all employees: hours saved → FTE equivalent → dollar value
    Flags contributions missing quantifiable impact and prompts the employee to complete them
    Ensures every contribution has a defensible, comparable metric

🛡️ Contribution Protection Layer

    Every project is timestamped and tagged to the employee's unique ID at the point of creation
    Generates a tamper-proof contribution record per project
    Ownership is tied to the employee — not the team, not the manager
    In the event of a dispute, the system provides an auditable, timestamped trail of authorship

📄 One-Click Internal Resume Generator

    Pulls all verified contributions from AtoZ
    Generates a role-specific internal transfer resume instantly
    Tailors content based on the target team, role level, and required competencies
    Always current — no manual updates required

🎯 Hiring the Right Internal Resource

    When a team opens a role, the AI scans all employee contribution profiles across Amazon
    Matches candidates based on real, proven work — not job titles or self-reported skills
    Surfaces employees who have already solved similar problems in other teams
    Provides hiring managers with a skills and impact score per candidate
        Example: ""This employee automated a 6,000-hour payout research process — strong match for your FinOps automation role""
    Reduces bias in hiring — decisions are grounded in documented impact, not relationships or visibility

🤖 AI Career Coach

    Answers questions like: ""What skills am I missing for an L6 role in this team?""
    Identifies which contributions are most relevant for a target role
    Benchmarks an employee's impact against role-level expectations
",NA,2–3 months,No – data source needs to be identified,153,153,2026-04-27T23:59:36Z,2026-04-28T16:51:02Z,,Yes,I have started working on it - Need business sign off support,23,1,Automation needs to be built,💡 Submit a New AI Idea
488,488,Accts Payable Retail- VAR,Retail FinCoM,"Currently, I download NRR data from the Dashboard, update it in SharePoint, assign it to the respective managers, and send them an email to review the NRRs.",20 hrs,"I want to automate this process so that the system pulls NRR cases on a daily basis, updates them in SharePoint, and triggers an email to the respective managers to review them.",150 NRR Cases,1 month,Yes – I already have access,344,344,2026-04-29T07:12:12Z,2026-04-29T07:12:12Z,,No,I have started working on it - in progress,,0,,💡 Submit a New AI Idea
654,654,Accts Payable NonInventory-VAR,Transportation Account Payable ,"Analysts are currently investing significant manual effort in checking the E-invoice eligibility status on Payee Management before taking the corresponding invoice processing steps. Each invoice check takes ~1 minute, and with the team processing around 1,200 invoices per month, this results in 20 hours of manual effort monthly and 240 hours annually. This process is entirely manual and repetitive in nature, presenting a clear opportunity for automation to eliminate non-value-added effort and improve overall operational efficiency.",20 hr per month,"If DWP report data or Payee Management data is available, mapping the carrier's E-invoice eligibility status directly within the allocation file — which already includes the supplier number — would effectively eliminate the need for manual status checks on Payee Management. This automated mapping would enable Analysts to identify E-invoice eligibility at the point of invoice allocation, removing the repetitive manual verification step, reducing the risk of manual misses, and saving approximately 240 hours of effort annually.",~1200,,No – data source needs to be identified,432,432,2026-04-29T10:49:13Z,2026-04-29T10:49:13Z,,Yes,I need to start working on it,,0,,💡 Submit a New AI Idea
654,654,Accts Payable NonInventory-VAR,EDI carrier Invoice validation and CSV file upload in TIPS tool,"The AP Analyst currently invests significant manual effort in validating the PDF invoice copy against the billing summary and preparing the CSV file for upload into the TIPS tool. This process is entirely manual and repetitive in nature. The AP team receives ~650 invoices per month, with each invoice requiring around 3.5 minutes to validate, prepare, and upload in CSV format. This results in approximately 37 hours of manual effort spent monthly,  opportunity for automation to eliminate non-value-added effort and reduce the risk of manual errors.",37 hr Monthly,"Exploring available tools, the required fields from the carrier's PDF invoice copy can be systematically extracted and auto-populated into an Excel sheet in the predefined format, which is then converted into a CSV file and automatically uploaded into the TIPS portal. This end-to-end automation would eliminate the need for manual data extraction, file preparation, and upload — removing the repetitive and error-prone steps currently performed by the AP Analyst.",650,,Partial data available,432,432,2026-04-29T11:27:04Z,2026-04-29T11:27:04Z,,Yes,,,0,,💡 Submit a New AI Idea
659,659,Accts Payable Retail- VAR,POR Inbound,"We are currently validating all of the transferred cases received to Aphelia queue. Around 60% of these transferred cases are related to denied re-disputes. Where resolution was already provided through a re-dispute case. However, vendors are using other fincom queue and raising cases for the payment of denied re-disputes. Our team currently validating all of the cases received to Aphelia queue and informing vendors that there was already re-dispute raised for shortage invoices and resolution was provided and resolving the cases. ",,We are looking for a AI solution where system should read the case and identify whether there is any re-dispute raised by vendor for the shortage invoices claimed the case. If there is already a re-dispute where we have already provided a resolution then system should sent auto response to vendor stating the claimed invoices were already re-disputed and same ,400-500 cases per day ,,Partial data available,624,624,2026-04-30T15:36:38Z,2026-04-30T15:36:39Z,,Yes,,,0,,💡 Submit a New AI Idea
577,577,Accts Payable - VAR,POR P3 ( Priority Payment Program),All the above process is a manual activity and this is pron to error in the incorrect allocation or missing out on the allocation on vendor this will be risk of prepayment failures. ,26,"I researched orcha AI and prepared a workflow which an AI agent will reproduce all the manual steps and provide us the output file which reduced the complete process 30 mins, still need few refinements to the process",338,1 month,No – data source needs to be identified,624,624,2026-04-30T16:11:32Z,2026-04-30T16:11:32Z,Automate the workflow ,No,I have started working on it - in progress,,0,,💡 Submit a New AI Idea
